"group","correlation","std_error","ci_lower","ci_upper"
"Overall",0.913884123786346,0.0146477077051259,0.8851746166843,0.942593630888393
"Male",0.916909077895925,0.0161943313212757,0.885168188506225,0.948649967285625
"Female",0.953804769719308,0.00661766380793058,0.940834148655765,0.966775390782852
